index,logodds_difference,correct,total_logprob
0,3.295837879180908,1,0.3001831667497754
1,0.33878469467163086,0,-2.465029239654541
2,3.4523935317993164,1,0.29376610182225704
3,0.2765328884124756,0,-2.783198595046997
4,2.9172744750976562,1,0.2689175717532635
5,0.21019649505615234,0,-2.4929484128952026
6,2.7031795978546143,1,0.3161587733775377
7,0.1733074188232422,1,-2.6830915212631226
8,2.3494961261749268,1,0.27882736548781395
9,0.2513155937194824,0,-2.63646399974823
10,1.5504177808761597,1,0.4107113927602768
11,0.21664643287658691,0,-2.742059588432312
12,3.405855417251587,1,0.330105559900403
13,0.3812127113342285,0,-2.7941960096359253
14,3.51414155960083,1,0.2897785063832998
15,0.21907615661621094,1,-2.6156686544418335
16,2.3968918323516846,1,0.3294169008731842
17,0.18863153457641602,1,-2.6461323499679565
18,2.066790819168091,1,0.36377522721886635
19,0.2707505226135254,0,-2.640947103500366
20,1.331904649734497,1,0.3828885033726692
21,0.05143570899963379,1,-2.6675970554351807
22,1.0650887489318848,1,0.44145728647708893
23,0.1150960922241211,1,-2.640121579170227
24,0.7755065560340881,1,0.5153895616531372
25,0.21727633476257324,0,-2.6934077739715576
26,1.3850202560424805,1,0.41639208048582077
27,0.2926187515258789,0,-2.8051503896713257
28,2.9570164680480957,1,0.32397845946252346
29,0.391934871673584,0,-2.614373207092285
30,3.324634552001953,1,0.2784660402685404
31,0.1895298957824707,0,-2.5509499311447144
32,2.6831090450286865,1,0.3215030636638403
33,0.21973514556884766,0,-2.6613117456436157
34,2.0233054161071777,1,0.3930274471640587
35,0.3517932891845703,0,-2.6205763816833496
36,2.493741035461426,1,0.358866810798645
37,0.2590346336364746,0,-2.8423582315444946
38,2.585578203201294,1,0.3341331332921982
39,0.3250110149383545,0,-2.573361873626709
40,0.24976268410682678,0,0.4382059872150421
41,1.3802745342254639,0,-1.645345151424408
42,0.16184940934181213,1,0.5647031962871552
43,1.1836152076721191,0,-1.7268964052200317
44,0.24620981514453888,0,0.4483173191547394
45,1.350475549697876,0,-1.6549609899520874
46,0.4490230679512024,1,0.3968876153230667
47,1.193749189376831,0,-1.687988042831421
48,0.32775434851646423,0,0.3811557739973068
49,1.245485782623291,0,-1.673807978630066
50,0.7425335645675659,1,0.21512533724308014
51,1.4090501070022583,0,-1.5790356397628784
52,0.4734005630016327,1,0.4125722497701645
53,1.4793859720230103,0,-1.6449225544929504
54,0.019713804125785828,0,0.47399450838565826
55,1.3769655227661133,0,-1.6819897890090942
56,0.8667522072792053,1,-0.22060823440551758
57,0.6237497329711914,0,-2.1220539808273315
58,1.0811090469360352,0,-0.25962215662002563
59,0.6903798580169678,0,-2.1775235533714294
60,0.9155867099761963,1,-0.24261869490146637
61,0.9290752410888672,0,-2.1817010641098022
62,0.9271239638328552,1,-0.3640986382961273
63,1.0360379219055176,0,-2.122398853302002
64,1.0260322093963623,0,-0.2966553419828415
65,0.8536183834075928,0,-2.1936243176460266
66,-0.011829763650894165,1,0.48507604002952576
67,1.3764574527740479,0,-2.136134088039398
68,0.13121962547302246,0,0.5259452015161514
69,1.1734936237335205,0,-2.1967334747314453
70,0.29877179861068726,0,0.40585459768772125
71,1.0676372051239014,0,-2.20451021194458
72,0.17204350233078003,1,0.48972928524017334
73,1.2651760578155518,0,-2.106835126876831
74,0.135986790060997,0,0.4233314096927643
75,1.4792532920837402,0,-2.080495297908783
76,0.2979242205619812,1,0.5527321100234985
77,1.359842300415039,0,-2.233782649040222
78,-0.13319005072116852,0,0.5438083857297897
79,1.4298577308654785,0,-2.084097981452942
80,0.08343089371919632,1,0.5932897329330444
81,0.3449690341949463,1,-3.4510741233825684
82,0.6050066351890564,1,0.5034657567739487
83,-0.06754589080810547,1,-3.6582027673721313
84,2.0138754844665527,0,-0.08824515342712402
85,0.4533977508544922,1,-3.914169430732727
86,1.7234240770339966,1,-0.09606342017650604
87,0.4840860366821289,1,-3.8769991397857666
88,2.980649709701538,1,-0.0833204835653305
89,0.5489134788513184,1,-3.8055105209350586
90,2.718093156814575,0,-0.07168129831552505
91,0.47017860412597656,1,-3.8135968446731567
92,0.02045491337776184,0,0.6658738255500793
93,0.18975067138671875,1,-3.7302390336990356
94,0.1553725153207779,1,0.6118820905685425
95,0.018671274185180664,1,-3.6515151262283325
96,0.16249707341194153,1,0.6222757995128632
97,-0.025978565216064453,1,-3.6231781244277954
98,0.2737872898578644,1,0.5611850619316101
99,-0.1617436408996582,1,-3.6652945280075073
100,2.9815874099731445,0,-0.043202027678489685
101,0.20751619338989258,1,-4.5095298290252686
102,0.036361195147037506,0,0.6510559022426605
103,-0.30785417556762695,1,-4.033678293228149
104,1.1748660802841187,1,-0.05644964426755905
105,0.0917806625366211,1,-4.134548187255859
106,2.3373360633850098,0,-0.023845575749874115
107,-0.019783496856689453,1,-4.283235788345337
108,0.11953217536211014,0,0.638751745223999
109,0.06574463844299316,1,-3.8108454942703247
110,0.21025225520133972,0,0.6048249304294586
111,0.4029567241668701,0,-3.7187516689300537
112,3.468451499938965,0,-0.060542259365320206
113,0.3895225524902344,1,-4.132137894630432
114,0.3858082890510559,0,0.5545866787433624
115,0.4523189067840576,1,-3.714596152305603
116,2.248631238937378,0,-0.04941584914922714
117,-0.19881916046142578,1,-4.290919542312622
118,2.1535298824310303,0,-0.14485368132591248
119,0.2152705192565918,1,-4.164567708969116
120,2.4028162956237793,1,-0.07548590749502182
121,0.3579275608062744,1,-2.4930472373962402
122,2.0603561401367188,1,-0.05319277197122574
123,0.2284533977508545,1,-2.6723673343658447
124,2.9596786499023438,0,-0.1257123053073883
125,0.29441356658935547,1,-2.5692864656448364
126,1.8007495403289795,0,-0.04077930748462677
127,0.22350454330444336,1,-2.5533753633499146
128,3.6031956672668457,0,-0.05493982136249542
129,0.2050015926361084,1,-2.537940740585327
130,3.6613664627075195,0,-0.07382424548268318
131,0.1411879062652588,1,-2.586753487586975
132,2.8907339572906494,0,-0.07166673243045807
133,0.29507899284362793,1,-2.7152657508850098
134,3.884781837463379,0,-0.06083846651017666
135,0.19458556175231934,1,-2.578418254852295
136,4.070608615875244,0,-0.08670912683010101
137,0.3336818218231201,1,-2.535975217819214
138,3.3413572311401367,0,-0.07226084172725677
139,0.20199108123779297,1,-2.534317970275879
140,2.8865807056427,0,-0.047893915325403214
141,-0.17621970176696777,1,-2.4911413192749023
142,2.6364614963531494,0,-0.038139134645462036
143,-0.06664896011352539,1,-2.492970108985901
144,3.3730664253234863,1,-0.049272945150732994
145,-0.06701326370239258,1,-2.5221937894821167
146,3.792234182357788,1,-0.06725388206541538
147,-0.05902290344238281,1,-2.676314115524292
148,4.067406177520752,1,-0.04171096533536911
149,-0.13753271102905273,1,-2.529194474220276
150,4.999453544616699,1,-0.035475244745612144
151,0.05237865447998047,1,-2.495538830757141
152,4.537618637084961,0,-0.054465824738144875
153,-0.08814644813537598,1,-2.572327494621277
154,5.471799373626709,1,-0.035273052752017975
155,-0.04344010353088379,1,-2.475999593734741
156,4.802862644195557,1,-0.034942083060741425
157,-0.20338654518127441,1,-2.7322481870651245
158,7.631161689758301,1,-0.04638259205967188
159,0.009548187255859375,1,-2.5232317447662354
160,2.0163497924804688,1,-0.21364117413759232
161,-0.04231595993041992,1,-2.5577858686447144
162,1.8286464214324951,0,-0.21887102723121643
163,0.012048482894897461,1,-2.5758259296417236
164,1.595045566558838,1,-0.24475829303264618
165,-0.03971409797668457,1,-2.561711072921753
166,2.1357359886169434,0,-0.14052971452474594
167,-0.12326931953430176,1,-2.584856152534485
168,2.990288257598877,0,-0.1434367299079895
169,0.06568598747253418,1,-2.5403095483779907
170,3.4396700859069824,1,-0.24176043272018433
171,-0.07348179817199707,1,-2.5310709476470947
172,2.89168381690979,0,-0.3906611353158951
173,-0.26853203773498535,1,-2.6148481369018555
174,3.6821699142456055,0,-0.329996794462204
175,-0.1331319808959961,1,-2.561250329017639
176,3.2528395652770996,0,-0.23855790495872498
177,-0.060384511947631836,1,-2.672151207923889
178,2.841721773147583,1,-0.2635401487350464
179,-0.21775078773498535,1,-2.6398117542266846
180,2.611053466796875,0,-0.29713205993175507
181,-0.17918848991394043,1,-2.6664756536483765
182,1.6903502941131592,0,-0.3382149934768677
183,0.0022149085998535156,1,-2.693400502204895
184,2.773160934448242,0,-0.3111442029476166
185,-0.059926748275756836,1,-2.693234086036682
186,2.5490500926971436,0,-0.37254801392555237
187,-0.18652677536010742,1,-2.7740341424942017
188,3.5538535118103027,0,-0.3724656328558922
189,0.00024318695068359375,1,-2.786631941795349
190,3.0919764041900635,0,-0.3294306844472885
191,0.033861637115478516,1,-2.7956957817077637
192,2.7166037559509277,0,-0.24360908567905426
193,-0.1506338119506836,1,-2.790203094482422
194,2.988848924636841,0,-0.3397371768951416
195,0.05884122848510742,1,-2.6609562635421753
196,2.1564955711364746,0,-0.30050764977931976
197,-0.064208984375,1,-2.681154727935791
198,2.451251983642578,1,-0.380521297454834
199,0.02202129364013672,1,-2.6415984630584717
200,1.8539292812347412,1,-0.07506498694419861
201,-0.04243731498718262,0,-2.461053252220154
202,0.10148310661315918,0,0.43932153284549713
203,-0.16753077507019043,1,-2.272404193878174
204,3.3398022651672363,1,-0.08257332816720009
205,0.059365272521972656,0,-2.5066148042678833
206,-0.19393056631088257,0,0.39345555007457733
207,-0.26694393157958984,1,-2.1582584381103516
208,2.425800085067749,1,-0.12183099240064621
209,0.1516590118408203,0,-2.585220694541931
210,1.1819267272949219,0,0.255469486117363
211,0.19560670852661133,0,-2.1784058809280396
212,3.5158817768096924,0,-0.08915756642818451
213,0.23983454704284668,0,-2.549217700958252
214,0.20887744426727295,0,0.4689587652683258
215,-0.14812564849853516,1,-2.2921833992004395
216,3.5104174613952637,0,-0.14741524308919907
217,0.29482293128967285,0,-2.558262825012207
218,3.7724618911743164,0,-0.12633557617664337
219,0.028761625289916992,0,-2.6676528453826904
220,1.7093396186828613,0,-0.03963427245616913
221,-0.027300596237182617,1,-2.2750518321990967
222,0.4968217611312866,0,0.2046298012137413
223,-0.21643972396850586,1,-2.378801465034485
224,3.4107134342193604,0,-0.2795855402946472
225,0.1090400218963623,1,-2.775617241859436
226,-0.7655733823776245,0,0.2513655871152878
227,-0.08383584022521973,1,-2.3749297857284546
228,3.5409059524536133,0,-0.17022639513015747
229,-0.014882802963256836,0,-2.6636507511138916
230,-0.1925477385520935,0,0.35329441726207733
231,-0.20234036445617676,1,-2.396343469619751
232,4.444633960723877,0,-0.22375018149614334
233,-0.08518576622009277,0,-2.687955617904663
234,0.45299482345581055,0,0.338274747133255
235,-0.29082655906677246,1,-2.438232898712158
236,3.817322254180908,1,-0.17466040700674057
237,0.09442543983459473,0,-2.655340313911438
238,0.02403777837753296,0,0.5195475518703461
239,-0.28125429153442383,1,-2.3699806928634644
240,1.6072688102722168,1,-0.10264530032873154
241,-0.06958472728729248,1,-1.2933504581451416
242,2.3268322944641113,0,-0.09895927459001541
243,0.107155442237854,1,-1.3639740943908691
244,2.436058521270752,0,-0.21476948261260986
245,-0.15581798553466797,1,-1.3519157767295837
246,2.277965545654297,0,-0.18935956060886383
247,-0.09459280967712402,1,-1.3299251794815063
248,2.7702648639678955,0,-0.12433058023452759
249,-0.11168181896209717,1,-1.237691044807434
250,2.381589889526367,0,-0.176559716463089
251,-0.03901541233062744,1,-1.23635333776474
252,2.211261749267578,0,-0.11598460376262665
253,0.09119832515716553,1,-1.4220765829086304
254,3.459883213043213,0,-0.09472216665744781
255,-0.04175078868865967,1,-1.290116548538208
256,2.199159860610962,1,-0.10009872168302536
257,-0.050155043601989746,1,-1.3378995656967163
258,2.73822283744812,0,-0.07428058236837387
259,-0.05902576446533203,1,-1.3335270285606384
260,1.2253210544586182,0,-0.09561339020729065
261,-0.022884368896484375,1,-1.2569484114646912
262,0.4558294117450714,0,0.44482189416885376
263,-0.3615952730178833,1,-1.4221283197402954
264,0.657501220703125,0,0.4276000112295151
265,-0.19611990451812744,1,-1.481662631034851
266,0.6882604956626892,0,0.3824322670698166
267,-0.21530652046203613,1,-1.4783469438552856
268,1.058948278427124,0,0.35540222376585007
269,-0.10370767116546631,1,-1.3935942649841309
270,0.35648396611213684,0,0.44881004095077515
271,-0.1609562635421753,1,-1.3974990844726562
272,1.3906197547912598,0,0.31258783489465714
273,-0.2501753568649292,1,-1.5018247961997986
274,0.504235565662384,0,0.4406159967184067
275,-0.2556356191635132,1,-1.3876736760139465
276,0.08827412128448486,0,0.36511997878551483
277,-0.22448861598968506,1,-1.5032630562782288
278,0.040560007095336914,0,0.4692142456769943
279,-0.3265860080718994,1,-1.4308785200119019
280,0.6058717966079712,0,-0.2498459406197071
281,0.9407975673675537,0,-1.5600686073303223
282,0.0625617504119873,0,0.04466625116765499
283,0.7765175104141235,0,-1.6968704462051392
284,-0.025632858276367188,0,0.015146885067224503
285,0.7736526727676392,0,-1.611795425415039
286,0.041429996490478516,0,0.0005638226866722107
287,1.007820963859558,0,-1.6631421446800232
288,-0.08298492431640625,0,-0.07387835532426834
289,0.9415134191513062,0,-1.6003193259239197
290,0.13754677772521973,0,-0.08111325092613697
291,1.1170248985290527,0,-1.7364181280136108
292,0.0027968883514404297,0,0.03151952847838402
293,1.195451021194458,0,-1.7774208188056946
294,0.4715920686721802,0,-0.23482107371091843
295,1.0149348974227905,0,-1.7042710781097412
296,0.08133411407470703,0,-0.06491616368293762
297,1.0961885452270508,0,-1.725693702697754
298,0.3203608989715576,0,-0.20944145321846008
299,1.1988060474395752,0,-1.7765148878097534
300,2.0499587059020996,0,-0.5872726552188396
301,0.7513463497161865,1,-2.733506917953491
302,0.5444727540016174,0,-0.2038598395884037
303,0.5598900318145752,1,-2.6387362480163574
304,0.8556973934173584,0,-0.23704583942890167
305,0.6184957027435303,1,-2.7449185848236084
306,1.8041950464248657,0,-0.5175712332129478
307,0.7474637031555176,0,-2.8004701137542725
308,3.2410197257995605,0,-0.6619607135653496
309,0.7655971050262451,1,-2.7402032613754272
310,3.062849521636963,0,-0.7269854322075844
311,0.6165328025817871,1,-2.694624423980713
312,2.369511127471924,0,-0.643872544169426
313,0.7418355941772461,1,-2.774055242538452
314,2.7385201454162598,0,-0.6226115971803665
315,0.6470372676849365,1,-2.880355954170227
316,0.7416160106658936,0,-0.2364477925002575
317,0.803964376449585,0,-2.8068368434906006
318,1.8999067544937134,0,-0.6004632711410522
319,0.6406986713409424,1,-2.9085057973861694
320,-0.6689629554748535,0,0.009322205558419228
321,0.4467456340789795,1,-3.425230026245117
322,0.25272583961486816,0,-0.2161513352766633
323,0.19500732421875,1,-3.19240939617157
324,0.1091151237487793,0,-0.0688132643699646
325,0.4127631187438965,1,-3.2851152420043945
326,0.2197856903076172,0,-0.12370782252401114
327,0.42421603202819824,1,-3.3280035257339478
328,-0.17094659805297852,0,-0.08306902647018433
329,0.40368103981018066,1,-3.285878896713257
330,0.044095754623413086,0,-0.02606476005166769
331,0.33399415016174316,1,-3.3578572273254395
332,-0.053203582763671875,0,-0.016336433589458466
333,0.39148640632629395,1,-3.389898419380188
334,0.4861633777618408,0,-0.16355042345821857
335,0.3102543354034424,1,-3.4460606575012207
336,-0.03532886505126953,0,-0.08867605589330196
337,0.4267690181732178,1,-3.3224947452545166
338,0.33553481101989746,0,-0.10202453099191189
339,0.21918201446533203,1,-3.5331993103027344
340,0.2126392126083374,0,-0.4476073868572712
341,0.4913780689239502,1,-2.8210315704345703
342,0.7101882696151733,0,-0.7676159888505936
343,0.4799325466156006,1,-2.85354220867157
344,0.8313032388687134,0,-0.6401679739356041
345,0.6371970176696777,1,-2.7736117839813232
346,1.3742692470550537,0,-0.8512751013040543
347,0.6599423885345459,1,-2.881701946258545
348,1.4824450016021729,0,-0.8192890882492065
349,0.5280814170837402,1,-2.917505383491516
350,2.026477336883545,0,-1.0555842742323875
351,0.49900293350219727,1,-2.8730396032333374
352,-0.18649661540985107,0,-0.15756315365433693
353,0.5943200588226318,1,-2.973825693130493
354,-0.33870601654052734,0,-0.027606021612882614
355,0.32093334197998047,1,-3.0614607334136963
356,-0.08962535858154297,0,-0.10275311581790447
357,0.4271848201751709,1,-2.856373906135559
358,-0.35591650009155273,0,-0.014474010095000267
359,0.45691561698913574,1,-2.976735830307007
360,-0.26612114906311035,0,0.04644356854259968
361,0.5846149921417236,0,-3.3788137435913086
362,0.3064537048339844,0,-0.18247556500136852
363,0.7595319747924805,1,-2.873379945755005
364,0.43595457077026367,0,-0.03738137800246477
365,0.7581253051757812,0,-3.1160638332366943
366,0.5783891677856445,0,-0.14693049527704716
367,0.572638988494873,0,-3.139285683631897
368,0.4036407470703125,0,-0.17430263943970203
369,0.7758278846740723,0,-3.062049627304077
370,0.5627307891845703,0,-0.18422490917146206
371,0.6873095035552979,0,-3.1550440788269043
372,0.23742437362670898,0,-0.08947624452412128
373,0.7415685653686523,0,-3.136169672012329
374,0.4148533344268799,0,-0.0658535324037075
375,0.7268688678741455,0,-3.1317437887191772
376,0.5448672771453857,0,-0.15127265453338623
377,0.6371421813964844,1,-3.275485873222351
378,0.28766584396362305,0,-0.03888569213449955
379,0.5379514694213867,1,-3.3624582290649414
380,0.5057542324066162,0,-0.28827567771077156
381,0.23123884201049805,1,-3.0898936986923218
382,0.8278722763061523,0,-0.39792583137750626
383,0.27138233184814453,1,-3.083728790283203
384,0.9640170335769653,0,-0.35883038118481636
385,0.3163797855377197,1,-3.084061026573181
386,0.7202332019805908,0,-0.4604494571685791
387,0.37104153633117676,1,-3.0996999740600586
388,0.7554308176040649,0,-0.3442399278283119
389,0.42618680000305176,1,-3.158225893974304
390,0.8301782608032227,0,-0.4104871228337288
391,0.6060843467712402,1,-3.1071553230285645
392,0.5577297210693359,0,-0.21925179287791252
393,0.3486919403076172,1,-3.1566931009292603
394,-0.07474279403686523,0,-0.015380769968032837
395,0.39011716842651367,1,-3.132709264755249
396,-0.3823227882385254,0,-0.02284969389438629
397,0.5530719757080078,1,-2.7478665113449097
398,-0.1530764102935791,0,0.03285609185695648
399,0.5689065456390381,1,-3.0329678058624268
400,1.2003467082977295,0,-0.29251059889793396
401,0.32937026023864746,1,-2.5863449573516846
402,-0.48430758714675903,1,-0.15418905019760132
403,0.044968366622924805,1,-2.542240858078003
404,-0.06656515598297119,1,-0.302210196852684
405,-0.011545419692993164,1,-2.579635739326477
406,1.2961353063583374,1,-0.30779924988746643
407,0.050328731536865234,1,-2.5389500856399536
408,0.8220210075378418,1,-0.20169198513031006
409,0.16262459754943848,1,-2.544157385826111
410,0.7656912803649902,1,-0.24131237715482712
411,0.22260522842407227,1,-2.580133080482483
412,0.6032537221908569,1,-0.1796194165945053
413,0.12206578254699707,1,-2.6310315132141113
414,1.1254487037658691,1,-0.1755276620388031
415,0.20255398750305176,1,-2.5541813373565674
416,1.0398163795471191,1,-0.21217293292284012
417,-0.10197567939758301,1,-2.495968222618103
418,0.49837297201156616,1,-0.17355601489543915
419,0.045767784118652344,1,-2.595261335372925
420,3.1206650733947754,0,-0.27058930695056915
421,-0.014316082000732422,1,-2.6509642601013184
422,1.2527248859405518,1,-0.2219676375389099
423,0.1534881591796875,1,-2.6188217401504517
424,0.32390469312667847,1,-0.4000645875930786
425,0.25902509689331055,1,-2.682372570037842
426,1.2628517150878906,1,-0.35922912508249283
427,0.16156888008117676,1,-2.707007646560669
428,0.898380696773529,1,-0.2945852130651474
429,0.11608195304870605,1,-2.6109976768493652
430,1.16964590549469,1,-0.38103190064430237
431,0.11718392372131348,1,-2.6876842975616455
432,1.914505958557129,0,-0.28956545889377594
433,-0.03415036201477051,1,-2.724874973297119
434,2.7482457160949707,1,-0.39826834201812744
435,-0.025912046432495117,1,-2.6310893297195435
436,1.6397902965545654,1,-0.19054711610078812
437,-0.2358407974243164,1,-2.643240213394165
438,2.348062038421631,1,-0.49383750557899475
439,0.185410737991333,1,-2.7092044353485107
440,-0.35453951358795166,1,-0.09003983065485954
441,0.20595479011535645,1,-2.460272431373596
442,-0.5305286645889282,1,-0.05518698692321777
443,-0.12232160568237305,1,-2.5255476236343384
444,-0.490514874458313,1,-0.11001378297805786
445,0.10115337371826172,1,-2.4379276037216187
446,-0.13971984386444092,1,-0.08379677683115005
447,0.08268976211547852,1,-2.5197110176086426
448,0.16760659217834473,1,-0.08642668277025223
449,0.2326054573059082,1,-2.4581671953201294
450,-0.6354859471321106,1,-0.04114505648612976
451,0.05841183662414551,1,-2.547466516494751
452,0.6317489147186279,1,-0.10590770840644836
453,0.20659184455871582,1,-2.488651156425476
454,0.39548641443252563,1,-0.08132122457027435
455,-0.0057718753814697266,1,-2.5610642433166504
456,0.009052932262420654,1,-0.09120310842990875
457,0.010046958923339844,1,-2.5180985927581787
458,0.7706031799316406,1,-0.09820890426635742
459,-0.044321537017822266,1,-2.5662516355514526
460,0.4457969069480896,1,-0.06634420156478882
461,-0.2108907699584961,1,-2.742041826248169
462,1.3605659008026123,1,-0.0670233704149723
463,-0.23926043510437012,1,-2.6757062673568726
464,0.6512447595596313,1,-0.05028047412633896
465,0.010820388793945312,1,-2.729928731918335
466,1.9029321670532227,1,-0.06171537563204765
467,-0.022093534469604492,1,-2.6162798404693604
468,1.4077396392822266,1,-0.06717298179864883
469,0.06410670280456543,1,-2.669302821159363
470,0.965374231338501,1,-0.052281033247709274
471,-0.032083988189697266,1,-2.582468032836914
472,1.657317876815796,1,-0.06708259135484695
473,-0.05942273139953613,1,-2.5793298482894897
474,1.008617639541626,1,-0.08577805757522583
475,0.07559585571289062,0,-2.502734422683716
476,-0.13536936044692993,1,-0.06576928496360779
477,-0.186049222946167,1,-2.681763768196106
478,1.0227999687194824,1,-0.07324130460619926
479,-0.2167501449584961,1,-2.5730234384536743
480,0.01750372163951397,1,0.6109133660793304
481,0.9077436923980713,1,-2.500473737716675
482,-0.050652697682380676,0,0.6004426181316376
483,0.7419946193695068,1,-2.3963884115219116
484,0.025974957272410393,1,0.5902393460273743
485,0.9252479076385498,1,-2.3972584009170532
486,0.01994049735367298,0,0.5986453890800476
487,0.8738529682159424,1,-2.419446110725403
488,0.024215318262577057,1,0.5677076876163483
489,0.8174793720245361,1,-2.3319708108901978
490,0.09889547526836395,1,0.5609965622425079
491,0.9881010055541992,1,-2.3219525814056396
492,0.03281973674893379,1,0.5734971463680267
493,0.8650801181793213,1,-2.339020788669586
494,-0.13563188910484314,0,0.5616117417812347
495,0.641033411026001,1,-2.395881772041321
496,-0.0036795511841773987,0,0.5249228626489639
497,0.8933682441711426,1,-2.3224868774414062
498,1.6288506984710693,0,-0.12941507995128632
499,0.4542973041534424,1,-2.3982092142105103
500,0.12636014819145203,0,0.5447568893432617
501,0.4556424617767334,1,-2.380508542060852
502,0.19544634222984314,0,0.4772663116455078
503,0.364696741104126,1,-2.407865524291992
504,0.17996886372566223,1,0.4953806549310684
505,0.7308549880981445,1,-2.3121854066848755
506,0.10350343585014343,1,0.5255114585161209
507,0.8602695465087891,1,-2.310700297355652
508,2.671884775161743,0,-0.1928485929965973
509,0.7982773780822754,1,-2.3417043685913086
510,1.0190672874450684,1,0.3230563998222351
511,0.8649382591247559,1,-2.2552953958511353
512,0.10727337002754211,0,0.44522620737552643
513,1.1374244689941406,1,-2.4187216758728027
514,-0.10038819909095764,0,0.5149518549442291
515,0.9281601905822754,1,-2.397478401660919
516,-0.2610432207584381,0,0.5084876120090485
517,0.6745598316192627,1,-2.4041250944137573
518,-0.2312704473733902,0,0.5044408142566681
519,0.6076700687408447,1,-2.435954511165619
520,-0.07467412948608398,1,-0.12376828491687775
521,-0.18575358390808105,1,-3.154606819152832
522,0.6726200580596924,0,-0.06580065190792084
523,0.23578691482543945,1,-3.192542314529419
524,1.7700532674789429,0,-0.07700499892234802
525,0.2823905944824219,1,-3.1665374040603638
526,1.9024674892425537,0,-0.07480701804161072
527,0.20528483390808105,1,-3.2010037899017334
528,1.8539655208587646,1,-0.06711717694997787
529,0.3048684597015381,1,-3.218786597251892
530,1.310213565826416,1,-0.08213791996240616
531,0.29900479316711426,1,-3.160784602165222
532,1.1104899644851685,0,-0.10325728356838226
533,0.4308459758758545,1,-3.305116891860962
534,0.572800874710083,0,-0.05194634199142456
535,0.07386946678161621,1,-3.2268768548965454
536,1.0689456462860107,0,-0.09289176762104034
537,0.19806933403015137,1,-3.2475496530532837
538,1.3509615659713745,0,-0.09945733845233917
539,0.05541205406188965,1,-3.209531307220459
540,2.1264240741729736,0,-0.06265129894018173
541,-0.22071433067321777,1,-3.273759603500366
542,2.3478055000305176,0,-0.07754787802696228
543,0.13250017166137695,1,-3.3033872842788696
544,1.5959738492965698,0,-0.06638960540294647
545,0.07257866859436035,1,-3.2228885889053345
546,3.188042163848877,1,-0.10582263395190239
547,0.34003543853759766,1,-3.432295799255371
548,2.623061180114746,0,-0.10207739472389221
549,0.04870915412902832,1,-3.308776021003723
550,1.9397684335708618,1,-0.05867032706737518
551,0.00096893310546875,1,-3.2761021852493286
552,2.2776119709014893,0,-0.04567025601863861
553,0.07167911529541016,1,-3.3125765323638916
554,1.95759916305542,1,-0.07240309566259384
555,-0.11257433891296387,1,-3.254629373550415
556,2.6466307640075684,1,-0.05654618516564369
557,0.13209199905395508,1,-3.241918206214905
558,3.312053918838501,0,-0.09590698778629303
559,0.042086124420166016,1,-3.218357563018799
560,0.19467973709106445,0,-0.039706498850136995
561,-0.7670753002166748,0,-2.470347046852112
562,0.35545849800109863,0,-0.10816581547260284
563,-0.14139294624328613,0,-2.121423125267029
564,0.1790781021118164,0,-0.061580585315823555
565,-0.18741941452026367,0,-2.155198097229004
566,0.1254405975341797,0,-0.0682895639911294
567,-0.5220661163330078,0,-2.2103458642959595
568,0.23021292686462402,0,-0.06685708928853273
569,-0.005343914031982422,0,-1.9984265565872192
570,0.3530898094177246,0,-0.07641974277794361
571,-0.24110007286071777,0,-2.0712069272994995
572,0.3225443363189697,0,-0.1638017389923334
573,-0.3941800594329834,0,-2.101356327533722
574,0.391571044921875,0,-0.08850070089101791
575,-0.45583271980285645,0,-2.1537535190582275
576,0.28751206398010254,0,-0.1009022556245327
577,-0.06309843063354492,0,-1.9449517130851746
578,0.30605435371398926,0,-0.12213310413062572
579,-0.597891092300415,0,-2.247766077518463
580,-0.6232113838195801,0,-0.22587329149246216
581,-0.302081823348999,0,-2.300438165664673
582,-0.26636838912963867,0,-0.301993727684021
583,0.03736090660095215,0,-1.9818807244300842
584,-0.23143672943115234,0,-0.2115267738699913
585,0.06349921226501465,0,-1.896660029888153
586,-0.4993155002593994,0,-0.24239574000239372
587,0.0712897777557373,0,-1.851559042930603
588,0.4476964473724365,0,-0.500778004527092
589,-0.00010466575622558594,0,-2.0614545345306396
590,0.5641543865203857,0,-0.6519148796796799
591,0.1201179027557373,0,-1.8770757913589478
592,-0.08176875114440918,0,-0.22624699212610722
593,-0.18802237510681152,0,-1.9415442943572998
594,-0.31493306159973145,0,-0.24235758930444717
595,-0.37656164169311523,0,-2.1401455402374268
596,-0.03595733642578125,0,-0.06024529971182346
597,0.5882472991943359,0,-1.9140335321426392
598,0.003742694854736328,0,-0.021369914058595896
599,0.17039918899536133,0,-1.9696720242500305
600,-1.5695539712905884,0,0.18027646467089653
601,-0.2925748825073242,0,-2.681244134902954
602,-2.548412799835205,0,0.2872636206448078
603,-0.35825252532958984,0,-2.821251392364502
604,-1.9717717170715332,0,0.10918875597417355
605,-0.3015289306640625,0,-2.816144108772278
606,-2.3199996948242188,0,0.23011785745620728
607,-0.18549203872680664,0,-2.8484156131744385
608,-1.6429994106292725,0,0.16410322859883308
609,-0.4707920551300049,0,-2.9416279792785645
610,-1.7060364484786987,0,0.32791678234934807
611,-0.405043363571167,0,-2.824766993522644
612,-2.189094066619873,0,0.2848929166793823
613,-0.4070758819580078,0,-2.9716544151306152
614,-2.683567762374878,0,0.2395558264106512
615,-0.3741765022277832,0,-2.864508271217346
616,-1.4329261779785156,0,0.2724500708281994
617,-0.4307844638824463,0,-2.776102662086487
618,-0.9050430059432983,0,0.4357270896434784
619,-0.36780261993408203,0,-2.62831974029541
620,-0.7827948331832886,0,0.46230217814445496
621,-0.2943086624145508,0,-2.700071930885315
622,-0.803738534450531,0,0.45891818404197693
623,-0.5620193481445312,0,-2.769030213356018
624,-0.41461411118507385,0,0.5510050654411316
625,-0.36471986770629883,0,-2.748614549636841
626,-0.7287889122962952,0,0.4708448797464371
627,-0.5511045455932617,0,-2.923171043395996
628,-2.2271735668182373,0,0.3088213577866554
629,-0.46387791633605957,0,-2.810597062110901
630,-2.439446449279785,0,0.22085174918174744
631,-0.5013518333435059,0,-2.700174570083618
632,-1.8832578659057617,0,0.3515998162329197
633,-0.07676339149475098,0,-2.750414252281189
634,-0.6176810264587402,0,0.49949052929878235
635,-0.46215295791625977,1,-2.5599827766418457
636,-1.615352749824524,0,0.41114144027233124
637,-0.3165414333343506,0,-2.8401641845703125
638,-0.9951899647712708,0,0.357371486723423
639,-0.3608407974243164,0,-2.777854561805725
640,-0.2707315981388092,1,0.32816512882709503
641,-0.627655029296875,1,-1.8642932772636414
642,-0.2604801654815674,0,0.45986613631248474
643,-0.7193517684936523,1,-1.8611553311347961
644,-0.45155781507492065,0,0.2435636669397354
645,-0.7934949398040771,1,-1.9222790598869324
646,-0.6386591196060181,0,0.2196952849626541
647,-0.5335381031036377,1,-1.88072669506073
648,-0.38909828662872314,0,0.24975256621837616
649,-0.5876352787017822,1,-1.8993610739707947
650,-0.3371897339820862,0,0.24662896990776062
651,-0.68603515625,1,-1.845129668712616
652,-0.26451969146728516,1,0.43717820942401886
653,-0.9444092512130737,1,-1.6413056254386902
654,0.37128883600234985,1,0.35593385994434357
655,-1.0183711051940918,1,-1.8194828033447266
656,0.5894615054130554,0,-0.513898640871048
657,-1.0555596351623535,1,-1.9159358143806458
658,0.4721142053604126,0,-0.4205382764339447
659,-0.6832778453826904,1,-2.0207658410072327
660,0.2891685366630554,0,-0.16846832633018494
661,-0.32790541648864746,0,-2.0852640867233276
662,0.44823139905929565,0,-0.2393360584974289
663,-0.38857483863830566,0,-2.097424268722534
664,0.1315997838973999,0,-0.24671170115470886
665,-0.3424868583679199,0,-2.0791096091270447
666,0.042353421449661255,0,0.3933904767036438
667,-0.5615980625152588,0,-2.1058396697044373
668,-0.17083214223384857,0,0.3052254021167755
669,-0.17163300514221191,0,-2.1739330291748047
670,0.23289108276367188,1,0.346190869808197
671,0.0016007423400878906,0,-2.156274378299713
672,-0.11512987315654755,0,0.3218937963247299
673,-0.2174539566040039,0,-2.200731575489044
674,0.23719477653503418,0,0.2775277644395828
675,-0.37560439109802246,0,-2.1777034401893616
676,-0.17348073422908783,0,0.5180173814296722
677,-0.3378868103027344,0,-2.213705062866211
678,0.23843252658843994,1,0.4733287841081619
679,-0.4691274166107178,0,-2.169073224067688
680,0.059055477380752563,0,0.5978530049324036
681,0.10388064384460449,0,-2.84332537651062
682,-0.11361530423164368,0,0.5390235781669617
683,0.05409359931945801,0,-3.1466245651245117
684,1.515838861465454,0,-0.05742795951664448
685,-0.6827468872070312,0,-3.6173810958862305
686,-1.0224039554595947,0,-0.05501638725399971
687,-0.5278034210205078,0,-3.560106873512268
688,-0.2831878662109375,0,-0.04561424162238836
689,-0.5853090286254883,0,-3.594022035598755
690,0.7506297826766968,0,-0.0636640414595604
691,-0.4143812656402588,0,-3.437043309211731
692,-7.078051567077637e-06,0,0.6749636828899384
693,-0.038642168045043945,1,-3.0360302925109863
694,0.07350143790245056,0,0.5767132043838501
695,0.249161958694458,0,-3.053871989250183
696,-0.027252785861492157,0,0.6087181866168976
697,0.16238951683044434,0,-3.193583607673645
698,0.0018032193183898926,0,0.5279214084148407
699,0.24783563613891602,0,-3.2551077604293823
700,-0.5303453207015991,0,-0.05089452117681503
701,-0.3267550468444824,0,-3.5622862577438354
702,-0.01794026419520378,0,0.6406474113464355
703,-0.15671229362487793,0,-2.913008689880371
704,-0.07678747177124023,0,-0.07331531494855881
705,-0.6124978065490723,0,-3.4199016094207764
706,0.01536703109741211,0,-0.049326151609420776
707,-0.42083311080932617,0,-3.8396806716918945
708,0.011738825589418411,0,0.6479666531085968
709,0.05651140213012695,0,-2.786194324493408
710,-0.12464025616645813,0,0.571545273065567
711,0.07734298706054688,0,-2.860240936279297
712,-0.4879809617996216,0,-0.12809227406978607
713,-0.4785125255584717,0,-3.606265068054199
714,-0.02811381220817566,0,0.5880039930343628
715,0.13015317916870117,0,-2.754336357116699
716,-0.752022385597229,0,-0.060937121510505676
717,-0.23235130310058594,0,-3.8196380138397217
718,-0.31264936923980713,0,-0.11586150527000427
719,-0.6892380714416504,0,-3.444148302078247
720,0.4921610355377197,0,-0.09049174189567566
721,0.2401268482208252,0,-2.4998334646224976
722,-1.2213411331176758,0,-0.030355073511600494
723,0.5435400009155273,0,-2.573992133140564
724,0.0073931217193603516,0,-0.10822544246912003
725,0.15771245956420898,0,-2.556898593902588
726,0.7661915421485901,0,-0.023987218737602234
727,0.12256360054016113,0,-2.5446395874023438
728,-0.1266307830810547,0,-0.08675441890954971
729,0.037108421325683594,0,-2.517725348472595
730,-1.235268473625183,0,-0.08168596029281616
731,-0.017606019973754883,0,-2.4946448802948
732,-1.4342091083526611,0,-0.07061105966567993
733,0.11306047439575195,0,-2.5222411155700684
734,-1.3317805528640747,0,-0.06348217278718948
735,0.2002396583557129,0,-2.542760968208313
736,-1.492073655128479,0,-0.09402980655431747
737,0.0049266815185546875,0,-2.470759868621826
738,-0.7159794569015503,0,-0.09072272479534149
739,0.21996593475341797,0,-2.432419538497925
740,-0.6403713226318359,0,-0.06461234390735626
741,0.16686487197875977,0,-2.5358303785324097
742,-0.30974018573760986,0,-0.04608858376741409
743,-0.1197657585144043,0,-2.6405972242355347
744,-0.1026163101196289,0,-0.05387124791741371
745,0.03680253028869629,0,-2.5949922800064087
746,-1.0927274227142334,0,-0.07262628898024559
747,0.021821975708007812,0,-2.6328136920928955
748,-1.015418291091919,0,-0.03271459974348545
749,0.044696807861328125,0,-2.5503666400909424
750,-1.7528977394104004,0,-0.03845299035310745
751,-0.06723260879516602,0,-2.5317060947418213
752,-0.9200127124786377,0,-0.03499147295951843
753,0.12798428535461426,0,-2.5535380840301514
754,-0.8665201663970947,0,-0.03318911697715521
755,0.02284550666809082,0,-2.491292357444763
756,-2.536701202392578,0,-0.03378191217780113
757,0.06853914260864258,0,-2.567604422569275
758,-2.0781445503234863,0,-0.058181995525956154
759,-0.03896951675415039,0,-2.50773024559021
760,1.148895502090454,0,-0.33139100670814514
761,-0.1438455581665039,0,-2.4976181983947754
762,-0.17291241884231567,0,-0.23082444071769714
763,0.07725906372070312,0,-2.5977721214294434
764,1.1956696510314941,0,-0.3579957038164139
765,-0.18238615989685059,0,-2.678930640220642
766,0.9139649271965027,0,-0.2411903738975525
767,-0.2591724395751953,1,-2.7210534811019897
768,1.1585781574249268,0,-0.24402466416358948
769,-0.12224483489990234,0,-2.6402668952941895
770,0.18545979261398315,0,-0.41418376564979553
771,-0.22527408599853516,0,-2.620692253112793
772,0.18940889835357666,0,-0.5007458925247192
773,-0.05790352821350098,0,-2.697002649307251
774,1.2030786275863647,0,-0.5348003804683685
775,-0.036707162857055664,0,-2.624566912651062
776,1.126394510269165,0,-0.3094539940357208
777,0.02452397346496582,0,-2.4993793964385986
778,0.2516096830368042,0,-0.4499548077583313
779,-0.013397932052612305,0,-2.5729010105133057
780,0.2887478470802307,1,-0.3494350463151932
781,0.04349803924560547,0,-2.5812876224517822
782,1.223287582397461,1,-0.2993629276752472
783,-0.1371777057647705,0,-2.4696637392044067
784,0.3213849663734436,1,-0.3968963325023651
785,-0.11806416511535645,0,-2.4587199687957764
786,-0.3425794243812561,1,-0.30431754887104034
787,-0.025426626205444336,0,-2.4505945444107056
788,0.6634735465049744,0,-0.38435477018356323
789,-0.04871702194213867,0,-2.5014939308166504
790,0.9218066930770874,0,-0.41442708671092987
791,-0.36571264266967773,0,-2.3645436763763428
792,0.07785427570343018,0,-0.29097943007946014
793,-0.2058849334716797,0,-2.3758232593536377
794,-0.1736791729927063,0,-0.3421638458967209
795,-0.19661235809326172,0,-2.357952117919922
796,-0.2714316248893738,1,-0.28651487827301025
797,0.15249896049499512,0,-2.4333038330078125
798,0.5820167660713196,0,-0.37349197268486023
799,-0.13019585609436035,0,-2.360796332359314
800,-1.9770010709762573,0,-0.061587944626808167
801,0.20882534980773926,0,-2.4285144805908203
802,-0.1524972915649414,1,0.4862638860940933
803,-0.7537553310394287,0,-2.3590058088302612
804,-3.5471243858337402,0,-0.09099401533603668
805,0.11688780784606934,0,-2.435851573944092
806,0.3408777415752411,1,0.48369650542736053
807,-0.7266623973846436,0,-2.4372724294662476
808,-1.839261531829834,0,-0.13544244319200516
809,0.13181734085083008,0,-2.6366515159606934
810,-0.41694000363349915,1,0.41027145087718964
811,-1.0837454795837402,1,-2.4234652519226074
812,-2.286710262298584,0,-0.09945160150527954
813,0.10021400451660156,0,-2.5841552019119263
814,-0.25666168332099915,1,0.45884940028190613
815,-0.7638494968414307,0,-2.395196795463562
816,-2.1096036434173584,0,-0.1409754380583763
817,0.1355884075164795,0,-2.5223567485809326
818,-3.101679801940918,0,-0.15511907637119293
819,-0.08164620399475098,0,-2.637154459953308
820,-0.18571346998214722,0,-0.034302711486816406
821,0.2015519142150879,0,-2.5082541704177856
822,0.5227935314178467,1,0.18450389802455902
823,-0.8578310012817383,0,-2.507414698600769
824,-0.9934960603713989,0,-0.28496241569519043
825,-0.03556180000305176,0,-2.6850247383117676
826,0.6123124361038208,1,0.3072448968887329
827,-0.8415606021881104,0,-2.475811004638672
828,-1.002363681793213,0,-0.1504988744854927
829,0.12679457664489746,0,-2.485558867454529
830,0.08509266376495361,1,0.44405871629714966
831,-0.7371861934661865,0,-2.379758596420288
832,-2.485577344894409,1,-0.18136237561702728
833,0.13770461082458496,0,-2.5094817876815796
834,-0.5705229640007019,1,0.4045248031616211
835,-0.6145756244659424,0,-2.4232654571533203
836,-2.7105729579925537,0,-0.23327888548374176
837,0.14424896240234375,0,-2.432211399078369
838,0.038539379835128784,1,0.44299736618995667
839,-0.6524956226348877,0,-2.4139007329940796
840,-2.274397134780884,1,-0.17949198186397552
841,0.0904395580291748,0,-1.4125903844833374
842,-1.9260382652282715,1,-0.1775207668542862
843,0.21799373626708984,0,-1.3665343523025513
844,-2.903700113296509,0,-0.2662036865949631
845,0.13872134685516357,0,-1.468856155872345
846,-2.729243278503418,1,-0.20193800330162048
847,0.16776442527770996,0,-1.45498526096344
848,-3.0799598693847656,0,-0.18634510040283203
849,0.2619054317474365,0,-1.324960708618164
850,-2.5073471069335938,0,-0.21778109669685364
851,0.23100066184997559,0,-1.38689523935318
852,-2.2866196632385254,0,-0.15364859253168106
853,0.2453451156616211,0,-1.4575772881507874
854,-3.9976296424865723,0,-0.1628776490688324
855,0.24878108501434326,0,-1.4322787523269653
856,-2.775449752807617,0,-0.11598814278841019
857,0.2048509120941162,0,-1.488538384437561
858,-3.3259854316711426,1,-0.11795175075531006
859,0.3693809509277344,0,-1.480208158493042
860,-1.6723042726516724,1,-0.09996993094682693
861,0.17105209827423096,0,-1.456131935119629
862,-0.08508248627185822,1,0.549992173910141
863,-0.8078148365020752,0,-1.661490559577942
864,-0.02175334095954895,1,0.5633953511714935
865,-0.8696694374084473,0,-1.7518779635429382
866,-0.0480254590511322,1,0.5357427597045898
867,-0.7815365791320801,0,-1.7744662761688232
868,-0.13236549496650696,1,0.514905720949173
869,-0.8262972831726074,0,-1.6968474388122559
870,-0.08711257576942444,1,0.5229352712631226
871,-0.8317457437515259,0,-1.610988438129425
872,-0.34855151176452637,1,0.46387410163879395
873,-0.7992624044418335,0,-1.6335946321487427
874,-0.1881481111049652,1,0.5206121355295181
875,-0.840862512588501,0,-1.5797590613365173
876,-0.8976399898529053,1,0.27652329206466675
877,-0.9034637212753296,0,-1.575947344303131
878,0.028005868196487427,1,0.5141333490610123
879,-0.8299292325973511,0,-1.6306518912315369
880,-0.8093870878219604,1,-0.4071744307875633
881,-0.8506059646606445,1,-2.090226113796234
882,-0.03518319129943848,1,-0.03469757176935673
883,-0.5069694519042969,1,-2.3251129388809204
884,-0.028668880462646484,1,-0.04189269244670868
885,-0.7195596694946289,1,-2.2179510593414307
886,-0.10508608818054199,1,-0.054618801921606064
887,-0.7626752853393555,1,-2.1921980381011963
888,-0.07607507705688477,1,-0.18829679489135742
889,-0.7303972244262695,1,-2.163614273071289
890,-0.4531266689300537,1,-0.25957126542925835
891,-0.7884674072265625,1,-2.2198705673217773
892,-0.21801280975341797,1,-0.07241614907979965
893,-0.8368303775787354,1,-2.2921478748321533
894,-1.590972900390625,1,-0.621871542185545
895,-0.7454895973205566,1,-2.250744581222534
896,-0.6454026699066162,1,-0.27358340099453926
897,-0.7230911254882812,1,-2.2633408308029175
898,-1.0016776323318481,1,-0.4566480852663517
899,-0.8224081993103027,1,-2.208287239074707
900,-1.5008147954940796,1,-0.707134984433651
901,-0.26889562606811523,0,-2.5160460472106934
902,-0.21369218826293945,1,-0.2395235151052475
903,-0.2637195587158203,0,-2.4708306789398193
904,-0.5049214363098145,1,-0.29290059208869934
905,-0.357896089553833,0,-2.4243860244750977
906,-1.275878667831421,1,-0.6130570992827415
907,-0.2928578853607178,0,-2.574917435646057
908,-2.7340598106384277,1,-0.9712335765361786
909,-0.27242445945739746,0,-2.4994055032730103
910,-2.180940866470337,1,-0.9431122317910194
911,-0.30809783935546875,0,-2.4332653284072876
912,-1.836686372756958,1,-0.8726304247975349
913,-0.30885934829711914,0,-2.423053026199341
914,-2.5851688385009766,1,-0.9735917448997498
915,-0.2568807601928711,0,-2.5012162923812866
916,-0.7500526905059814,1,-0.46752002090215683
917,-0.40123820304870605,0,-2.5631864070892334
918,-1.5402835607528687,1,-0.7641063928604126
919,-0.12475323677062988,0,-2.6804358959198
920,0.5980455875396729,1,-0.015060186386108398
921,-0.15410709381103516,0,-2.9497830867767334
922,0.021948814392089844,1,-0.33876585587859154
923,-0.19121289253234863,0,-2.824649453163147
924,0.4546635150909424,1,-0.1478709615767002
925,-0.15422701835632324,0,-2.8428385257720947
926,0.1780986785888672,1,-0.12763654999434948
927,-0.1958765983581543,0,-2.832090377807617
928,0.4678637981414795,1,-0.08727005496621132
929,-0.08696460723876953,0,-2.8202080726623535
930,0.4661064147949219,1,-0.027875147759914398
931,-0.10409975051879883,0,-2.841133236885071
932,0.3718714714050293,1,-0.005058847367763519
933,0.004166126251220703,0,-2.8634233474731445
934,-0.055509328842163086,1,-0.22092445380985737
935,-0.0728464126586914,0,-2.8935993909835815
936,0.21203136444091797,1,-0.23067341931164265
937,-0.06393265724182129,0,-2.8552380800247192
938,0.10244512557983398,1,-0.26020704954862595
939,-0.1942453384399414,0,-2.960318684577942
940,0.7681615352630615,1,-0.295543909072876
941,-0.1548154354095459,0,-2.4599612951278687
942,0.4414839744567871,1,-0.5555227398872375
943,-0.144622802734375,0,-2.430337429046631
944,0.6757791042327881,1,-0.28043515980243683
945,-0.08699417114257812,0,-2.4300732612609863
946,0.579669713973999,1,-0.24474753811955452
947,-0.04357719421386719,0,-2.5600138902664185
948,0.4002504348754883,1,-0.4027269147336483
949,-0.04411935806274414,0,-2.5045007467269897
950,0.6958136558532715,1,-0.40639182925224304
951,-0.0671229362487793,0,-2.463528633117676
952,0.6397767066955566,1,-0.26347650215029716
953,-0.12193179130554199,0,-2.5698153972625732
954,0.9497389793395996,1,-0.12393931299448013
955,-0.0321807861328125,0,-2.591268301010132
956,1.2244386672973633,1,-0.19154751859605312
957,-0.19937968254089355,0,-2.557427406311035
958,1.320162057876587,1,-0.058721267618238926
959,-0.20197343826293945,0,-2.599564790725708
960,0.11064314842224121,1,0.025491461157798767
961,-0.3126966953277588,0,-2.909581184387207
962,-0.4378790855407715,1,-0.26506854221224785
963,-0.5159225463867188,0,-2.8217908143997192
964,-0.22372007369995117,1,-0.05798837170004845
965,-0.29332900047302246,0,-2.8868966102600098
966,-0.57179856300354,1,-0.17177086509764194
967,-0.3193211555480957,0,-2.8835017681121826
968,-0.5910923480987549,1,-0.22410447895526886
969,-0.30439114570617676,0,-2.8201940059661865
970,-0.5243465900421143,1,-0.18006790429353714
971,-0.2813887596130371,0,-2.9208308458328247
972,-0.19011807441711426,1,-0.01757279597222805
973,-0.33179593086242676,0,-3.0872687101364136
974,-0.32400012016296387,1,-0.09594232030212879
975,-0.36623549461364746,0,-2.882666826248169
976,-0.36137890815734863,1,-0.12186318263411522
977,-0.3804147243499756,0,-2.917927861213684
978,-0.25837206840515137,1,-0.10276910662651062
979,-0.33716297149658203,0,-3.0543330907821655
980,0.24264812469482422,1,-0.21034829691052437
981,-0.14879369735717773,0,-2.792059898376465
982,0.19313263893127441,1,-0.27953699976205826
983,-0.17232847213745117,0,-2.7209925651550293
984,0.17859125137329102,1,-0.18775172904133797
985,-0.11318206787109375,0,-2.755530595779419
986,0.22279977798461914,1,-0.08714088052511215
987,-0.05588889122009277,0,-2.967420220375061
988,0.0055654048919677734,1,-0.21646825596690178
989,-0.18809199333190918,0,-2.7785762548446655
990,0.15024232864379883,1,-0.3166354298591614
991,-0.17420291900634766,0,-2.8022689819335938
992,0.3334648609161377,1,-0.17991774156689644
993,-0.1243901252746582,0,-2.8870943784713745
994,0.5682520866394043,1,-0.0600561797618866
995,-0.1980128288269043,0,-2.850644111633301
996,0.5022523403167725,1,-0.08449556678533554
997,-0.2351360321044922,0,-2.7198182344436646
998,0.8065543174743652,1,-0.001182766631245613
999,-0.22756218910217285,0,-2.7964190244674683
1000,0.10121428966522217,0,-0.3713451772928238
1001,-0.12253117561340332,0,-2.671805739402771
1002,0.7480624914169312,1,-0.18924996256828308
1003,0.010777950286865234,0,-2.619905948638916
1004,0.3489699363708496,0,-0.33251695334911346
1005,0.12540793418884277,0,-2.6254667043685913
1006,-0.865289032459259,0,-0.42025884985923767
1007,-0.14210987091064453,0,-2.6120264530181885
1008,0.10190784931182861,0,-0.1825210154056549
1009,-0.02953791618347168,1,-2.4724466800689697
1010,0.23768138885498047,0,-0.36160366237163544
1011,-0.23337459564208984,0,-2.6883713006973267
1012,0.07972198724746704,0,-0.20157647132873535
1013,-0.21125102043151855,1,-2.6540768146514893
1014,0.6501625180244446,0,-0.3380064144730568
1015,-0.33881211280822754,1,-2.5554996728897095
1016,0.6122571229934692,0,-0.2700713127851486
1017,-0.14208388328552246,1,-2.5348392724990845
1018,0.11698567867279053,0,-0.1680416464805603
1019,0.02563929557800293,0,-2.562642455101013
1020,-0.46204257011413574,0,-0.268134281039238
1021,0.059500932693481445,0,-2.4690901041030884
1022,-0.3314560651779175,1,-0.18540219962596893
1023,0.04274439811706543,0,-2.3028582334518433
1024,0.5233787298202515,0,-0.46910521388053894
1025,-0.3021204471588135,0,-2.4858909845352173
1026,0.026923418045043945,0,-0.5073275417089462
1027,-0.025539159774780273,0,-2.4501218795776367
1028,0.8698974251747131,0,-0.36867088079452515
1029,-0.2656576633453369,0,-2.330216884613037
1030,0.12203347682952881,0,-0.4682088792324066
1031,-0.14590907096862793,0,-2.419547200202942
1032,-0.41287392377853394,0,-0.3466459810733795
1033,-0.10630297660827637,0,-2.508496880531311
1034,-0.022405266761779785,0,-0.5667319893836975
1035,0.06493496894836426,0,-2.51282000541687
1036,0.2581597566604614,0,-0.3438628613948822
1037,0.2835361957550049,0,-2.3919715881347656
1038,-0.20145761966705322,0,-0.6677015721797943
1039,-0.12764430046081543,0,-2.407733201980591
1040,1.2927579879760742,0,-0.06465382128953934
1041,-0.1100454330444336,0,-2.424351215362549
1042,0.767935037612915,0,-0.09431103616952896
1043,0.1434917449951172,0,-2.5517923831939697
1044,1.0424420833587646,0,-0.07142537832260132
1045,0.008507728576660156,0,-2.3819984197616577
1046,0.7087266445159912,0,-0.06388991139829159
1047,0.12873220443725586,0,-2.421977996826172
1048,1.4318695068359375,0,-0.07990470342338085
1049,0.22342777252197266,0,-2.441870331764221
1050,0.3556361198425293,0,-0.061567604541778564
1051,0.4728524684906006,0,-2.422440767288208
1052,0.35532712936401367,0,-0.09011296182870865
1053,0.23251795768737793,0,-2.4884238243103027
1054,0.646674394607544,0,-0.06610093265771866
1055,0.08414769172668457,1,-2.447483539581299
1056,0.984225869178772,0,-0.0735621303319931
1057,0.19433236122131348,0,-2.4678741693496704
1058,1.1345549821853638,0,-0.09446829557418823
1059,0.05864691734313965,1,-2.4418920278549194
1060,-0.30849575996398926,0,-0.08001910895109177
1061,0.18172955513000488,0,-2.331117033958435
1062,0.8695979118347168,0,-0.08577624708414078
1063,0.17215347290039062,0,-2.384783387184143
1064,-0.30220699310302734,0,-0.03274209797382355
1065,0.29358649253845215,0,-2.4018443822860718
1066,0.046895623207092285,0,-0.0652758777141571
1067,-0.13906097412109375,1,-2.3972744941711426
1068,-0.32597970962524414,0,-0.07140813767910004
1069,0.011554241180419922,1,-2.3376264572143555
1070,0.3056415319442749,0,-0.07881500571966171
1071,-0.07704782485961914,0,-2.420284152030945
1072,-0.015783309936523438,0,-0.049865029752254486
1073,-0.10797715187072754,1,-2.318693995475769
1074,0.111655592918396,0,-0.09202039614319801
1075,-0.06098198890686035,0,-2.352361798286438
1076,-0.4291764497756958,0,-0.07215794920921326
1077,-0.037367820739746094,1,-2.321719527244568
1078,-0.6342546939849854,0,-0.06020958721637726
1079,0.033418893814086914,0,-2.3670560121536255
1080,0.07576097548007965,0,0.49800026416778564
1081,-1.1947298049926758,0,-2.1346564888954163
1082,0.12057419121265411,0,0.5489100813865662
1083,-0.9052050113677979,0,-2.248455762863159
1084,0.05143469572067261,0,0.5467287600040436
1085,-0.9692754745483398,0,-2.144477128982544
1086,-0.017159193754196167,0,0.5215321928262711
1087,-0.7728347778320312,0,-2.1816139817237854
1088,0.0551643967628479,0,0.4885220378637314
1089,-0.875373363494873,0,-2.2487058639526367
1090,-0.29855647683143616,0,0.3865854740142822
1091,-1.1066639423370361,1,-2.1271011233329773
1092,0.12966959178447723,0,0.5423723459243774
1093,-1.1489825248718262,0,-2.199556291103363
1094,0.29921719431877136,0,0.5151758641004562
1095,-0.8558526039123535,0,-2.1562522649765015
1096,0.5656543374061584,0,0.3196101486682892
1097,-0.5170702934265137,0,-2.527827262878418
1098,-0.09783244132995605,0,-0.1892978549003601
1099,-0.7187659740447998,0,-2.2741751670837402
1100,-0.05696141719818115,0,0.39516736567020416
1101,-0.3459746837615967,0,-2.424633264541626
1102,0.014142930507659912,0,0.2993868589401245
1103,-0.1796555519104004,0,-2.3996293544769287
1104,0.17779432237148285,0,0.37870995700359344
1105,-0.5366458892822266,0,-2.3209468126296997
1106,0.05948948860168457,0,0.3952859789133072
1107,-0.6632351875305176,1,-2.262348771095276
1108,0.06637245416641235,0,-0.17240644991397858
1109,-0.9143979549407959,0,-2.1662524938583374
1110,-0.16221147775650024,0,0.027953356504440308
1111,-0.584465742111206,0,-2.509016990661621
1112,-0.17388060688972473,0,0.4926113337278366
1113,-0.9424982070922852,0,-2.182288408279419
1114,-0.06566426903009415,0,0.4981011748313904
1115,-1.2338464260101318,0,-2.118536591529846
1116,0.07869556546211243,0,0.5282911956310272
1117,-1.0645382404327393,0,-2.265470862388611
1118,-0.043870069086551666,0,0.567545622587204
1119,-1.003166913986206,0,-2.152285933494568
1120,0.7596229314804077,0,-0.1247972697019577
1121,-0.6989669799804688,0,-3.2531899213790894
1122,-0.26566118001937866,0,-0.06191462278366089
1123,-0.48582029342651367,0,-3.2264262437820435
1124,0.04528522491455078,0,-0.1939985603094101
1125,-0.7538642883300781,0,-3.232523798942566
1126,0.2858785390853882,0,-0.09550172090530396
1127,-0.6424806118011475,0,-3.175953984260559
1128,0.2713969945907593,0,-0.09161626547574997
1129,-0.7591497898101807,0,-3.228491187095642
1130,0.05777615308761597,0,-0.0844905823469162
1131,-0.784595251083374,0,-3.1091227531433105
1132,-0.3275759220123291,0,-0.12473893165588379
1133,-1.0793139934539795,0,-3.158991575241089
1134,0.27574479579925537,0,-0.0758361965417862
1135,-0.7861559391021729,0,-3.1018494367599487
1136,-0.5406349897384644,0,-0.09542326629161835
1137,-0.6957855224609375,0,-3.0437374114990234
1138,-0.4352898597717285,0,-0.12638462334871292
1139,-0.5608353614807129,0,-3.018568754196167
1140,-0.8777193427085876,1,-0.10285376012325287
1141,-0.1781001091003418,0,-3.0553165674209595
1142,-0.33118367195129395,0,-0.10730542987585068
1143,-0.5487220287322998,0,-3.0853192806243896
1144,0.10503959655761719,0,-0.0719834715127945
1145,-0.5870294570922852,0,-3.0272281169891357
1146,-0.9001500606536865,0,-0.10994834825396538
1147,-0.6499261856079102,0,-3.0716601610183716
1148,0.07818329334259033,0,-0.1000799909234047
1149,-0.7158482074737549,0,-3.087527275085449
1150,-0.3029547929763794,0,-0.07064278423786163
1151,-0.5843098163604736,0,-3.0741100311279297
1152,-0.023568391799926758,0,-0.06981717050075531
1153,-0.6115174293518066,0,-2.9660046100616455
1154,-0.11944198608398438,0,-0.086768489331007
1155,-0.5995240211486816,0,-3.045074939727783
1156,-2.3600101470947266,0,-0.08281082659959793
1157,-0.4981374740600586,0,-3.055858612060547
1158,-0.5369490385055542,0,-0.2197760045528412
1159,-0.6011819839477539,0,-3.0957430601119995
1160,0.010854721069335938,1,-0.026930293068289757
1161,0.858025312423706,0,-2.4153207540512085
1162,-0.6815807819366455,1,-0.19154585152864456
1163,0.2427539825439453,0,-2.113811433315277
1164,-0.3695857524871826,1,-0.09335067495703697
1165,0.360595703125,0,-2.15068918466568
1166,-0.2338871955871582,1,-0.10158344730734825
1167,0.5768513679504395,0,-2.1479647159576416
1168,-0.1913127899169922,1,-0.07340683415532112
1169,0.3596057891845703,0,-2.05582731962204
1170,-0.33942317962646484,1,-0.11566345393657684
1171,0.5886201858520508,0,-2.1050172448158264
1172,-0.6182031631469727,1,-0.13904453814029694
1173,0.6582729816436768,0,-2.2020360231399536
1174,-0.38878798484802246,1,-0.10786839947104454
1175,0.39519500732421875,0,-2.0776935815811157
1176,-0.1366875171661377,1,-0.11763252690434456
1177,0.3323664665222168,0,-2.009847402572632
1178,-0.4063527584075928,1,-0.15581858158111572
1179,0.5605118274688721,0,-2.09902024269104
1180,0.6489543914794922,1,-0.16815970093011856
1181,0.3970475196838379,0,-1.911390483379364
1182,0.600325345993042,1,-0.15036927163600922
1183,0.30040478706359863,0,-1.7992095947265625
1184,0.5107636451721191,1,-0.14744944870471954
1185,0.37479066848754883,0,-1.8033430576324463
1186,0.564673900604248,1,-0.07256740145385265
1187,0.5518851280212402,0,-1.8597126603126526
1188,0.3559987545013428,1,-0.1882745325565338
1189,0.26757049560546875,0,-1.9213549494743347
1190,0.40836572647094727,1,-0.18745167553424835
1191,0.26419758796691895,0,-1.6891473531723022
1192,0.43295717239379883,1,-0.15847595036029816
1193,0.3300793170928955,0,-1.8516391515731812
1194,0.504427433013916,1,-0.09949421882629395
1195,0.36972928047180176,0,-1.9688804149627686
1196,0.406374454498291,1,-0.10151265375316143
1197,-0.33547520637512207,1,-1.8090035319328308
1198,0.5722322463989258,1,-0.04399188235402107
1199,-0.11737585067749023,1,-1.7508456110954285
